{"plants": {"status": {"@code": "200", "@message": "OK"}, "page": {"@number": "1", "@limit": "30", "@results": "559", "@totalpages": "19"}, "plant": {"id": [{"@symbol": "ACNI2", "@scientific": "Acacia Nilotica (l.) Willd. Ex Delile", "@common": "Gum Arabic Tree", "@family": "Fabaceae", "#text": "338"}, {"@symbol": "ACNIA3", "@scientific": "Acacia Nilotica (l.) Willd. Ex Delile Ssp. Adstringens (schumach. & Thonn.) Roberty", "@common": "", "@family": "Fabaceae", "#text": "341"}, {"@symbol": "ACNIA2", "@scientific": "Acacia Nilotica (l.) Willd. Ex Delile Ssp. Adansonii (guill. & Perr.) Brenan", "@common": "Acacia Nilotica Ssp. Adstringens", "@family": "Fabaceae", "#text": "342"}, {"@symbol": "ACNIK2", "@scientific": "Acacia Nilotica (l.) Willd. Ex Delile Ssp. Kraussiana (benth.) Brenan", "@common": "", "@family": "Fabaceae", "#text": "343"}, {"@symbol": "ACEX", "@scientific": "Acaena Exigua Gray", "@common": "Liliwai", "@family": "Rosaceae", "#text": "452"}, {"@symbol": "ACPO10", "@scientific": "Acanthus Polystachyus Delile", "@common": "", "@family": "Acanthaceae", "#text": "538"}, {"@symbol": "ACPOP", "@scientific": "Acanthus Polystachyus Delile Var. Pseudopubescens Cufod.", "@common": "", "@family": "Acanthaceae", "#text": "539"}, {"@symbol": "ADHA", "@scientific": "Adenophorus Haalilioanus (brack.) K.a. Wilson", "@common": "Island Kihifern", "@family": "Grammitidaceae", "#text": "1240"}, {"@symbol": "POHA14", "@scientific": "Polypodium Haalilioanum Brack.", "@common": "Adenophorus Haalilioanus", "@family": "Grammitidaceae", "#text": "1241"}, {"@symbol": "AGAF", "@scientific": "Agapanthus Africanus (l.) Hoffsgg.", "@common": "Lily Of The Nile", "@family": "Liliaceae", "#text": "1634"}, {"@symbol": "AGPR5", "@scientific": "Agapanthus Praecox Willd.", "@common": "African-lily", "@family": "Liliaceae", "#text": "1636"}, {"@symbol": "ALOX", "@scientific": "Allium Oxyphilum Wherry", "@common": "Lillydale Onion", "@family": "Liliaceae", "#text": "2534"}, {"@symbol": "ALSTR", "@scientific": "Alstroemeria L.", "@common": "Lily Of The Incas", "@family": "Liliaceae", "#text": "2885"}, {"@symbol": "ALAU6", "@scientific": "Alstroemeria Aurea Graham", "@common": "Peruvian-lily", "@family": "Liliaceae", "#text": "2886"}, {"@symbol": "ALHA2", "@scientific": "Alstroemeria Haemantha Ruiz & Pav?n", "@common": "Purple-spot Parrot-lily", "@family": "Liliaceae", "#text": "2888"}, {"@symbol": "ALPS", "@scientific": "Alstroemeria ?psittacina Lehm.", "@common": "Lily Of The Incas", "@family": "Liliaceae", "#text": "2889"}, {"@symbol": "ALPU2", "@scientific": "Alstroemeria Pulchella L. F.", "@common": "Parrot-lily", "@family": "Liliaceae", "#text": "2890"}, {"@symbol": "AMBE3", "@scientific": "Amaryllis Belladonna L.", "@common": "Belladonna Lily", "@family": "Liliaceae", "#text": "3132"}, {"@symbol": "ANDRO4", "@scientific": "Androstephium Torr.", "@common": "Funnel Lily", "@family": "Liliaceae", "#text": "3824"}, {"@symbol": "ANBR4", "@scientific": "Androstephium Breviflorum S. Wats.", "@common": "Pink Funnel Lily", "@family": "Liliaceae", "#text": "3825"}, {"@symbol": "ANCA45", "@scientific": "Androstephium Caeruleum (scheele) Greene", "@common": "Blue Funnel Lily", "@family": "Liliaceae", "#text": "3826"}, {"@symbol": "ANCO40", "@scientific": "Anemone Coronaria L.", "@common": "Lilies-of-the-field", "@family": "Ranunculaceae", "#text": "3857"}, {"@symbol": "ANBR7", "@scientific": "Aniba Bracteata (nees) Mez", "@common": "Canelillo", "@family": "Lauraceae", "#text": "4008"}, {"@symbol": "ANCA31", "@scientific": "Antennaria Callilepis Greene", "@common": "Antennaria Howellii Ssp. Howellii", "@family": "Asteraceae", "#text": "4259"}, {"@symbol": "ANAN15", "@scientific": "Anthurium Andraeanum Linden", "@common": "Flamingo-lily", "@family": "Araceae", "#text": "4596"}, {"@symbol": "ANBE5", "@scientific": "Antirrhinum Bellidifolium (l.) Willd.", "@common": "Lilac Snapdragon", "@family": "Scrophulariaceae", "#text": "4655"}, {"@symbol": "ARSP13", "@scientific": "Arisaema Speciosum (wallich) C. Martius", "@common": "Cobralily", "@family": "Araceae", "#text": "5992"}, {"@symbol": "ARTHR8", "@scientific": "Arthropodium R. Br.", "@common": "Rock Lily", "@family": "Liliaceae", "#text": "6850"}, {"@symbol": "ARCI11", "@scientific": "Arthropodium Cirrhatum (g. Forst.) R. Br.", "@common": "Rock-lily", "@family": "Liliaceae", "#text": "6851"}, {"@symbol": "ARPA39", "@scientific": "Arum Palestinum Boiss.", "@common": "Solomon's Lily", "@family": "Araceae", "#text": "6893"}]}}}