<?xml version="1.0"?>
<plants><status code="200" message="OK"/><page number="1" limit="30" results="559" totalpages="19"/><plant><id symbol="ACNI2" scientific="Acacia Nilotica (l.) Willd. Ex Delile" common="Gum Arabic Tree" family="Fabaceae">338</id><id symbol="ACNIA3" scientific="Acacia Nilotica (l.) Willd. Ex Delile Ssp. Adstringens (schumach. &amp; Thonn.) Roberty" common="" family="Fabaceae">341</id><id symbol="ACNIA2" scientific="Acacia Nilotica (l.) Willd. Ex Delile Ssp. Adansonii (guill. &amp; Perr.) Brenan" common="Acacia Nilotica Ssp. Adstringens" family="Fabaceae">342</id><id symbol="ACNIK2" scientific="Acacia Nilotica (l.) Willd. Ex Delile Ssp. Kraussiana (benth.) Brenan" common="" family="Fabaceae">343</id><id symbol="ACEX" scientific="Acaena Exigua Gray" common="Liliwai" family="Rosaceae">452</id><id symbol="ACPO10" scientific="Acanthus Polystachyus Delile" common="" family="Acanthaceae">538</id><id symbol="ACPOP" scientific="Acanthus Polystachyus Delile Var. Pseudopubescens Cufod." common="" family="Acanthaceae">539</id><id symbol="ADHA" scientific="Adenophorus Haalilioanus (brack.) K.a. Wilson" common="Island Kihifern" family="Grammitidaceae">1240</id><id symbol="POHA14" scientific="Polypodium Haalilioanum Brack." common="Adenophorus Haalilioanus" family="Grammitidaceae">1241</id><id symbol="AGAF" scientific="Agapanthus Africanus (l.) Hoffsgg." common="Lily Of The Nile" family="Liliaceae">1634</id><id symbol="AGPR5" scientific="Agapanthus Praecox Willd." common="African-lily" family="Liliaceae">1636</id><id symbol="ALOX" scientific="Allium Oxyphilum Wherry" common="Lillydale Onion" family="Liliaceae">2534</id><id symbol="ALSTR" scientific="Alstroemeria L." common="Lily Of The Incas" family="Liliaceae">2885</id><id symbol="ALAU6" scientific="Alstroemeria Aurea Graham" common="Peruvian-lily" family="Liliaceae">2886</id><id symbol="ALHA2" scientific="Alstroemeria Haemantha Ruiz &amp; Pav?n" common="Purple-spot Parrot-lily" family="Liliaceae">2888</id><id symbol="ALPS" scientific="Alstroemeria ?psittacina Lehm." common="Lily Of The Incas" family="Liliaceae">2889</id><id symbol="ALPU2" scientific="Alstroemeria Pulchella L. F." common="Parrot-lily" family="Liliaceae">2890</id><id symbol="AMBE3" scientific="Amaryllis Belladonna L." common="Belladonna Lily" family="Liliaceae">3132</id><id symbol="ANDRO4" scientific="Androstephium Torr." common="Funnel Lily" family="Liliaceae">3824</id><id symbol="ANBR4" scientific="Androstephium Breviflorum S. Wats." common="Pink Funnel Lily" family="Liliaceae">3825</id><id symbol="ANCA45" scientific="Androstephium Caeruleum (scheele) Greene" common="Blue Funnel Lily" family="Liliaceae">3826</id><id symbol="ANCO40" scientific="Anemone Coronaria L." common="Lilies-of-the-field" family="Ranunculaceae">3857</id><id symbol="ANBR7" scientific="Aniba Bracteata (nees) Mez" common="Canelillo" family="Lauraceae">4008</id><id symbol="ANCA31" scientific="Antennaria Callilepis Greene" common="Antennaria Howellii Ssp. Howellii" family="Asteraceae">4259</id><id symbol="ANAN15" scientific="Anthurium Andraeanum Linden" common="Flamingo-lily" family="Araceae">4596</id><id symbol="ANBE5" scientific="Antirrhinum Bellidifolium (l.) Willd." common="Lilac Snapdragon" family="Scrophulariaceae">4655</id><id symbol="ARSP13" scientific="Arisaema Speciosum (wallich) C. Martius" common="Cobralily" family="Araceae">5992</id><id symbol="ARTHR8" scientific="Arthropodium R. Br." common="Rock Lily" family="Liliaceae">6850</id><id symbol="ARCI11" scientific="Arthropodium Cirrhatum (g. Forst.) R. Br." common="Rock-lily" family="Liliaceae">6851</id><id symbol="ARPA39" scientific="Arum Palestinum Boiss." common="Solomon's Lily" family="Araceae">6893</id></plant></plants>
